segment,addr,name,note
1,0x1EDE,seg01_Main_1EDE,jump-table export 000; CODE 0 routine offset 0x1EDA
1,0x02DC,seg01_Main_02DC,jump-table export 001; CODE 0 routine offset 0x02D8
1,0x02E8,seg01_Main_02E8,jump-table export 002; CODE 0 routine offset 0x02E4
1,0x0314,seg01_Main_0314,jump-table export 003; CODE 0 routine offset 0x0310
1,0x05BE,seg01_Main_05BE,jump-table export 004; CODE 0 routine offset 0x05BA
1,0x05FE,seg01_Main_05FE,jump-table export 005; CODE 0 routine offset 0x05FA
1,0x088A,seg01_Main_088A,jump-table export 006; CODE 0 routine offset 0x0886
1,0x08D4,seg01_Main_08D4,jump-table export 007; CODE 0 routine offset 0x08D0
1,0x09B4,seg01_Main_09B4,jump-table export 008; CODE 0 routine offset 0x09B0
1,0x09FA,seg01_Main_09FA,jump-table export 009; CODE 0 routine offset 0x09F6
1,0x0AF6,seg01_Main_0AF6,jump-table export 010; CODE 0 routine offset 0x0AF2
1,0x0BE2,seg01_Main_0BE2,jump-table export 011; CODE 0 routine offset 0x0BDE
1,0x0C28,seg01_Main_0C28,jump-table export 012; CODE 0 routine offset 0x0C24
1,0x0CD2,seg01_Main_0CD2,jump-table export 013; CODE 0 routine offset 0x0CCE
1,0x0D7C,seg01_Main_0D7C,jump-table export 014; CODE 0 routine offset 0x0D78
1,0x0E26,seg01_Main_0E26,jump-table export 015; CODE 0 routine offset 0x0E22
1,0x0EC0,seg01_Main_0EC0,jump-table export 016; CODE 0 routine offset 0x0EBC
1,0x0F6C,seg01_Main_0F6C,jump-table export 017; CODE 0 routine offset 0x0F68
1,0x0F82,seg01_Main_0F82,jump-table export 018; CODE 0 routine offset 0x0F7E
1,0x103E,seg01_Main_103E,jump-table export 019; CODE 0 routine offset 0x103A
1,0x1776,seg01_Main_1776,jump-table export 020; CODE 0 routine offset 0x1772
1,0x2A00,seg01_Main_2A00,jump-table export 021; CODE 0 routine offset 0x29FC
1,0x2A5C,seg01_Main_2A5C,jump-table export 022; CODE 0 routine offset 0x2A58
1,0x2A9E,seg01_Main_2A9E,jump-table export 023; CODE 0 routine offset 0x2A9A
1,0x2C64,seg01_Main_2C64,jump-table export 024; CODE 0 routine offset 0x2C60
1,0x2CC4,seg01_Main_2CC4,jump-table export 025; CODE 0 routine offset 0x2CC0
1,0x2CE0,seg01_Main_2CE0,jump-table export 026; CODE 0 routine offset 0x2CDC
1,0x2CEE,seg01_Main_2CEE,jump-table export 027; CODE 0 routine offset 0x2CEA
1,0x2CFC,seg01_Main_2CFC,jump-table export 028; CODE 0 routine offset 0x2CF8
1,0x2D0A,seg01_Main_2D0A,jump-table export 029; CODE 0 routine offset 0x2D06
1,0x2D18,seg01_Main_2D18,jump-table export 030; CODE 0 routine offset 0x2D14
1,0x2F1A,seg01_Main_2F1A,jump-table export 031; CODE 0 routine offset 0x2F16
1,0x2F22,seg01_Main_2F22,jump-table export 032; CODE 0 routine offset 0x2F1E
1,0x2F7A,seg01_Main_2F7A,jump-table export 033; CODE 0 routine offset 0x2F76
1,0x2F86,seg01_Main_2F86,jump-table export 034; CODE 0 routine offset 0x2F82
1,0x2FD6,seg01_Main_2FD6,jump-table export 035; CODE 0 routine offset 0x2FD2
1,0x3028,seg01_Main_3028,jump-table export 036; CODE 0 routine offset 0x3024
1,0x3072,seg01_Main_3072,jump-table export 037; CODE 0 routine offset 0x306E
1,0x30C0,seg01_Main_30C0,jump-table export 038; CODE 0 routine offset 0x30BC
1,0x30F2,seg01_Main_30F2,jump-table export 039; CODE 0 routine offset 0x30EE
1,0x30FA,seg01_Main_30FA,jump-table export 040; CODE 0 routine offset 0x30F6
1,0x3104,seg01_Main_3104,jump-table export 041; CODE 0 routine offset 0x3100
1,0x3110,seg01_Main_3110,jump-table export 042; CODE 0 routine offset 0x310C
1,0x311C,seg01_Main_311C,jump-table export 043; CODE 0 routine offset 0x3118
1,0x3128,seg01_Main_3128,jump-table export 044; CODE 0 routine offset 0x3124
1,0x3134,seg01_Main_3134,jump-table export 045; CODE 0 routine offset 0x3130
1,0x315A,seg01_Main_315A,jump-table export 046; CODE 0 routine offset 0x3156
1,0x3184,seg01_Main_3184,jump-table export 047; CODE 0 routine offset 0x3180
1,0x31AA,seg01_Main_31AA,jump-table export 048; CODE 0 routine offset 0x31A6
1,0x31CC,seg01_Main_31CC,jump-table export 049; CODE 0 routine offset 0x31C8
1,0x31EE,seg01_Main_31EE,jump-table export 050; CODE 0 routine offset 0x31EA
1,0x3210,seg01_Main_3210,jump-table export 051; CODE 0 routine offset 0x320C
1,0x3222,seg01_Main_3222,jump-table export 052; CODE 0 routine offset 0x321E
1,0x3234,seg01_Main_3234,jump-table export 053; CODE 0 routine offset 0x3230
1,0x3248,seg01_Main_3248,jump-table export 054; CODE 0 routine offset 0x3244
1,0x325C,seg01_Main_325C,jump-table export 055; CODE 0 routine offset 0x3258
1,0x3264,seg01_Main_3264,jump-table export 056; CODE 0 routine offset 0x3260
1,0x3274,seg01_Main_3274,jump-table export 057; CODE 0 routine offset 0x3270
1,0x328E,seg01_Main_328E,jump-table export 058; CODE 0 routine offset 0x328A
1,0x32AC,seg01_Main_32AC,jump-table export 059; CODE 0 routine offset 0x32A8
1,0x32CC,seg01_Main_32CC,jump-table export 060; CODE 0 routine offset 0x32C8
1,0x32E6,seg01_Main_32E6,jump-table export 061; CODE 0 routine offset 0x32E2
1,0x3300,seg01_Main_3300,jump-table export 062; CODE 0 routine offset 0x32FC
1,0x331A,seg01_Main_331A,jump-table export 063; CODE 0 routine offset 0x3316
1,0x332E,seg01_Main_332E,jump-table export 064; CODE 0 routine offset 0x332A
1,0x3348,seg01_Main_3348,jump-table export 065; CODE 0 routine offset 0x3344
1,0x3362,seg01_Main_3362,jump-table export 066; CODE 0 routine offset 0x335E
1,0x336E,seg01_Main_336E,jump-table export 067; CODE 0 routine offset 0x336A
1,0x337A,seg01_Main_337A,jump-table export 068; CODE 0 routine offset 0x3376
1,0x33AA,seg01_Main_33AA,jump-table export 069; CODE 0 routine offset 0x33A6
1,0x33DE,seg01_Main_33DE,jump-table export 070; CODE 0 routine offset 0x33DA
1,0x33FA,seg01_Main_33FA,jump-table export 071; CODE 0 routine offset 0x33F6
1,0x342A,seg01_Main_342A,jump-table export 072; CODE 0 routine offset 0x3426
1,0x3456,seg01_Main_3456,jump-table export 073; CODE 0 routine offset 0x3452
1,0x3506,seg01_Main_3506,jump-table export 074; CODE 0 routine offset 0x3502
1,0x354A,seg01_Main_354A,jump-table export 075; CODE 0 routine offset 0x3546
1,0x3562,seg01_Main_3562,jump-table export 076; CODE 0 routine offset 0x355E
1,0x35E0,seg01_Main_35E0,jump-table export 077; CODE 0 routine offset 0x35DC
1,0x3656,seg01_Main_3656,jump-table export 078; CODE 0 routine offset 0x3652
1,0x36CA,seg01_Main_36CA,jump-table export 079; CODE 0 routine offset 0x36C6
1,0x373E,seg01_Main_373E,jump-table export 080; CODE 0 routine offset 0x373A
1,0x377E,seg01_Main_377E,jump-table export 081; CODE 0 routine offset 0x377A
1,0x37B4,seg01_Main_37B4,jump-table export 082; CODE 0 routine offset 0x37B0
1,0x37EC,seg01_Main_37EC,jump-table export 083; CODE 0 routine offset 0x37E8
1,0x3808,seg01_Main_3808,jump-table export 084; CODE 0 routine offset 0x3804
1,0x3828,seg01_Main_3828,jump-table export 085; CODE 0 routine offset 0x3824
1,0x3848,seg01_Main_3848,jump-table export 086; CODE 0 routine offset 0x3844
1,0x3870,seg01_Main_3870,jump-table export 087; CODE 0 routine offset 0x386C
1,0x388C,seg01_Main_388C,jump-table export 088; CODE 0 routine offset 0x3888
1,0x38A6,seg01_Main_38A6,jump-table export 089; CODE 0 routine offset 0x38A2
1,0x38C6,seg01_Main_38C6,jump-table export 090; CODE 0 routine offset 0x38C2
1,0x39B2,seg01_Main_39B2,jump-table export 091; CODE 0 routine offset 0x39AE
1,0x3B7C,seg01_Main_3B7C,jump-table export 092; CODE 0 routine offset 0x3B78
1,0x3B82,seg01_Main_3B82,jump-table export 093; CODE 0 routine offset 0x3B7E
1,0x3B88,seg01_Main_3B88,jump-table export 094; CODE 0 routine offset 0x3B84
1,0x3B8E,seg01_Main_3B8E,jump-table export 095; CODE 0 routine offset 0x3B8A
1,0x3B94,seg01_Main_3B94,jump-table export 096; CODE 0 routine offset 0x3B90
1,0x3B9A,seg01_Main_3B9A,jump-table export 097; CODE 0 routine offset 0x3B96
1,0x3BAA,seg01_Main_3BAA,jump-table export 098; CODE 0 routine offset 0x3BA6
1,0x3BD0,seg01_Main_3BD0,jump-table export 099; CODE 0 routine offset 0x3BCC
1,0x3C5E,seg01_Main_3C5E,jump-table export 100; CODE 0 routine offset 0x3C5A
1,0x3CE8,seg01_Main_3CE8,jump-table export 101; CODE 0 routine offset 0x3CE4
1,0x3D68,seg01_Main_3D68,jump-table export 102; CODE 0 routine offset 0x3D64
1,0x3E22,seg01_Main_3E22,jump-table export 103; CODE 0 routine offset 0x3E1E
1,0x3FD6,seg01_Main_3FD6,jump-table export 104; CODE 0 routine offset 0x3FD2
1,0x41C2,seg01_Main_41C2,jump-table export 105; CODE 0 routine offset 0x41BE
1,0x4534,seg01_Main_4534,jump-table export 106; CODE 0 routine offset 0x4530
1,0x462A,seg01_Main_462A,jump-table export 107; CODE 0 routine offset 0x4626
1,0x4814,seg01_Main_4814,jump-table export 108; CODE 0 routine offset 0x4810
1,0x497C,seg01_Main_497C,jump-table export 109; CODE 0 routine offset 0x4978
1,0x4D74,seg01_Main_4D74,jump-table export 110; CODE 0 routine offset 0x4D70
1,0x4DCE,seg01_Main_4DCE,jump-table export 111; CODE 0 routine offset 0x4DCA
1,0x550E,seg01_Main_550E,jump-table export 112; CODE 0 routine offset 0x550A
1,0x556A,seg01_Main_556A,jump-table export 113; CODE 0 routine offset 0x5566
1,0x56DE,seg01_Main_56DE,jump-table export 114; CODE 0 routine offset 0x56DA
1,0x5EA0,seg01_Main_5EA0,jump-table export 115; CODE 0 routine offset 0x5E9C
1,0x6028,seg01_Main_6028,jump-table export 116; CODE 0 routine offset 0x6024
1,0x6034,seg01_Main_6034,jump-table export 117; CODE 0 routine offset 0x6030
1,0x603E,seg01_Main_603E,jump-table export 118; CODE 0 routine offset 0x603A
1,0x6048,seg01_Main_6048,jump-table export 119; CODE 0 routine offset 0x6044
1,0x6052,seg01_Main_6052,jump-table export 120; CODE 0 routine offset 0x604E
1,0x605C,seg01_Main_605C,jump-table export 121; CODE 0 routine offset 0x6058
1,0x607E,seg01_Main_607E,jump-table export 122; CODE 0 routine offset 0x607A
1,0x60A2,seg01_Main_60A2,jump-table export 123; CODE 0 routine offset 0x609E
1,0x60CE,seg01_Main_60CE,jump-table export 124; CODE 0 routine offset 0x60CA
1,0x60DC,seg01_Main_60DC,jump-table export 125; CODE 0 routine offset 0x60D8
1,0x6104,seg01_Main_6104,jump-table export 126; CODE 0 routine offset 0x6100
1,0x6114,seg01_Main_6114,jump-table export 127; CODE 0 routine offset 0x6110
1,0x6124,seg01_Main_6124,jump-table export 128; CODE 0 routine offset 0x6120
1,0x6152,seg01_Main_6152,jump-table export 129; CODE 0 routine offset 0x614E
2,0x0004,seg02_Initialize_0004,jump-table export 130; CODE 0 routine offset 0x0000
2,0x0064,seg02_Initialize_0064,jump-table export 131; CODE 0 routine offset 0x0060
2,0x02C8,seg02_Initialize_02C8,jump-table export 132; CODE 0 routine offset 0x02C4
2,0x063A,seg02_Initialize_063A,jump-table export 133; CODE 0 routine offset 0x0636
2,0x0746,seg02_Initialize_0746,jump-table export 134; CODE 0 routine offset 0x0742
2,0x087C,seg02_Initialize_087C,jump-table export 135; CODE 0 routine offset 0x0878
2,0x09E8,seg02_Initialize_09E8,jump-table export 136; CODE 0 routine offset 0x09E4
2,0x0A7A,seg02_Initialize_0A7A,jump-table export 137; CODE 0 routine offset 0x0A76
2,0x0AC0,seg02_Initialize_0AC0,jump-table export 138; CODE 0 routine offset 0x0ABC
2,0x0B68,seg02_Initialize_0B68,jump-table export 139; CODE 0 routine offset 0x0B64
2,0x0B68,seg02_Initialize_0B68,jump-table export 140; CODE 0 routine offset 0x0B64
2,0x0BE8,seg02_Initialize_0BE8,jump-table export 141; CODE 0 routine offset 0x0BE4
2,0x0C2C,seg02_Initialize_0C2C,jump-table export 142; CODE 0 routine offset 0x0C28
2,0x1862,seg02_Initialize_1862,jump-table export 143; CODE 0 routine offset 0x185E
2,0x19BC,seg02_Initialize_19BC,jump-table export 144; CODE 0 routine offset 0x19B8
2,0x1A40,seg02_Initialize_1A40,jump-table export 145; CODE 0 routine offset 0x1A3C
3,0x00B6,seg03_Communication_00B6,jump-table export 146; CODE 0 routine offset 0x00B2
3,0x0166,seg03_Communication_0166,jump-table export 147; CODE 0 routine offset 0x0162
3,0x0264,seg03_Communication_0264,jump-table export 148; CODE 0 routine offset 0x0260
3,0x0526,seg03_Communication_0526,jump-table export 149; CODE 0 routine offset 0x0522
3,0x0540,seg03_Communication_0540,jump-table export 150; CODE 0 routine offset 0x053C
3,0x1670,seg03_Communication_1670,jump-table export 151; CODE 0 routine offset 0x166C
3,0x1DD2,seg03_Communication_1DD2,jump-table export 152; CODE 0 routine offset 0x1DCE
3,0x2064,seg03_Communication_2064,jump-table export 153; CODE 0 routine offset 0x2060
3,0x211E,seg03_Communication_211E,jump-table export 154; CODE 0 routine offset 0x211A
3,0x2142,seg03_Communication_2142,jump-table export 155; CODE 0 routine offset 0x213E
3,0x22D6,seg03_Communication_22D6,jump-table export 156; CODE 0 routine offset 0x22D2
3,0x22F6,seg03_Communication_22F6,jump-table export 157; CODE 0 routine offset 0x22F2
3,0x2316,seg03_Communication_2316,jump-table export 158; CODE 0 routine offset 0x2312
3,0x2336,seg03_Communication_2336,jump-table export 159; CODE 0 routine offset 0x2332
3,0x2356,seg03_Communication_2356,jump-table export 160; CODE 0 routine offset 0x2352
3,0x2376,seg03_Communication_2376,jump-table export 161; CODE 0 routine offset 0x2372
4,0x0004,seg04_load_0004,jump-table export 162; CODE 0 routine offset 0x0000
5,0x0056,seg05_Score_0056,jump-table export 163; CODE 0 routine offset 0x0052
5,0x0088,seg05_Score_0088,jump-table export 164; CODE 0 routine offset 0x0084
5,0x0130,seg05_Score_0130,jump-table export 165; CODE 0 routine offset 0x012C
5,0x07DA,seg05_Score_07DA,jump-table export 166; CODE 0 routine offset 0x07D6
5,0x0882,seg05_Score_0882,jump-table export 167; CODE 0 routine offset 0x087E
5,0x0A08,seg05_Score_0A08,jump-table export 168; CODE 0 routine offset 0x0A04
5,0x0A8C,seg05_Score_0A8C,jump-table export 169; CODE 0 routine offset 0x0A88
5,0x0B2A,seg05_Score_0B2A,jump-table export 170; CODE 0 routine offset 0x0B26
5,0x112C,seg05_Score_112C,jump-table export 171; CODE 0 routine offset 0x1128
6,0x09AE,seg06_Traffic_09AE,jump-table export 172; CODE 0 routine offset 0x09AA
6,0x1844,seg06_Traffic_1844,jump-table export 173; CODE 0 routine offset 0x1840
6,0x1E10,seg06_Traffic_1E10,jump-table export 174; CODE 0 routine offset 0x1E0C
6,0x1E16,seg06_Traffic_1E16,jump-table export 175; CODE 0 routine offset 0x1E12
6,0x1E1C,seg06_Traffic_1E1C,jump-table export 176; CODE 0 routine offset 0x1E18
6,0x1E22,seg06_Traffic_1E22,jump-table export 177; CODE 0 routine offset 0x1E1E
6,0x1E28,seg06_Traffic_1E28,jump-table export 178; CODE 0 routine offset 0x1E24
6,0x1E2E,seg06_Traffic_1E2E,jump-table export 179; CODE 0 routine offset 0x1E2A
6,0x1E34,seg06_Traffic_1E34,jump-table export 180; CODE 0 routine offset 0x1E30
6,0x1E3A,seg06_Traffic_1E3A,jump-table export 181; CODE 0 routine offset 0x1E36
6,0x2154,seg06_Traffic_2154,jump-table export 182; CODE 0 routine offset 0x2150
6,0x258E,seg06_Traffic_258E,jump-table export 183; CODE 0 routine offset 0x258A
6,0x25F2,seg06_Traffic_25F2,jump-table export 184; CODE 0 routine offset 0x25EE
6,0x31C2,seg06_Traffic_31C2,jump-table export 185; CODE 0 routine offset 0x31BE
6,0x34F2,seg06_Traffic_34F2,jump-table export 186; CODE 0 routine offset 0x34EE
6,0x370E,seg06_Traffic_370E,jump-table export 187; CODE 0 routine offset 0x370A
6,0x3D7C,seg06_Traffic_3D7C,jump-table export 188; CODE 0 routine offset 0x3D78
6,0x4168,seg06_Traffic_4168,jump-table export 189; CODE 0 routine offset 0x4164
6,0x4406,seg06_Traffic_4406,jump-table export 190; CODE 0 routine offset 0x4402
6,0x4932,seg06_Traffic_4932,jump-table export 191; CODE 0 routine offset 0x492E
6,0x4A56,seg06_Traffic_4A56,jump-table export 192; CODE 0 routine offset 0x4A52
6,0x516C,seg06_Traffic_516C,jump-table export 193; CODE 0 routine offset 0x5168
6,0x51A0,seg06_Traffic_51A0,jump-table export 194; CODE 0 routine offset 0x519C
6,0x51B6,seg06_Traffic_51B6,jump-table export 195; CODE 0 routine offset 0x51B2
6,0x51F8,seg06_Traffic_51F8,jump-table export 196; CODE 0 routine offset 0x51F4
6,0x5338,seg06_Traffic_5338,jump-table export 197; CODE 0 routine offset 0x5334
6,0x53C2,seg06_Traffic_53C2,jump-table export 198; CODE 0 routine offset 0x53BE
6,0x53E2,seg06_Traffic_53E2,jump-table export 199; CODE 0 routine offset 0x53DE
6,0x5402,seg06_Traffic_5402,jump-table export 200; CODE 0 routine offset 0x53FE
6,0x5418,seg06_Traffic_5418,jump-table export 201; CODE 0 routine offset 0x5414
6,0x542E,seg06_Traffic_542E,jump-table export 202; CODE 0 routine offset 0x542A
6,0x546C,seg06_Traffic_546C,jump-table export 203; CODE 0 routine offset 0x5468
6,0x54B0,seg06_Traffic_54B0,jump-table export 204; CODE 0 routine offset 0x54AC
6,0x54D0,seg06_Traffic_54D0,jump-table export 205; CODE 0 routine offset 0x54CC
6,0x54F0,seg06_Traffic_54F0,jump-table export 206; CODE 0 routine offset 0x54EC
6,0x54F8,seg06_Traffic_54F8,jump-table export 207; CODE 0 routine offset 0x54F4
6,0x5524,seg06_Traffic_5524,jump-table export 208; CODE 0 routine offset 0x5520
6,0x554E,seg06_Traffic_554E,jump-table export 209; CODE 0 routine offset 0x554A
6,0x5578,seg06_Traffic_5578,jump-table export 210; CODE 0 routine offset 0x5574
6,0x5602,seg06_Traffic_5602,jump-table export 211; CODE 0 routine offset 0x55FE
6,0x5632,seg06_Traffic_5632,jump-table export 212; CODE 0 routine offset 0x562E
6,0x565C,seg06_Traffic_565C,jump-table export 213; CODE 0 routine offset 0x5658
6,0x5688,seg06_Traffic_5688,jump-table export 214; CODE 0 routine offset 0x5684
6,0x5752,seg06_Traffic_5752,jump-table export 215; CODE 0 routine offset 0x574E
6,0x57DC,seg06_Traffic_57DC,jump-table export 216; CODE 0 routine offset 0x57D8
6,0x5856,seg06_Traffic_5856,jump-table export 217; CODE 0 routine offset 0x5852
6,0x586E,seg06_Traffic_586E,jump-table export 218; CODE 0 routine offset 0x586A
6,0x5886,seg06_Traffic_5886,jump-table export 219; CODE 0 routine offset 0x5882
6,0x58B2,seg06_Traffic_58B2,jump-table export 220; CODE 0 routine offset 0x58AE
6,0x593C,seg06_Traffic_593C,jump-table export 221; CODE 0 routine offset 0x5938
6,0x5970,seg06_Traffic_5970,jump-table export 222; CODE 0 routine offset 0x596C
6,0x59A2,seg06_Traffic_59A2,jump-table export 223; CODE 0 routine offset 0x599E
6,0x59C8,seg06_Traffic_59C8,jump-table export 224; CODE 0 routine offset 0x59C4
6,0x59EE,seg06_Traffic_59EE,jump-table export 225; CODE 0 routine offset 0x59EA
6,0x5A78,seg06_Traffic_5A78,jump-table export 226; CODE 0 routine offset 0x5A74
6,0x5A8E,seg06_Traffic_5A8E,jump-table export 227; CODE 0 routine offset 0x5A8A
6,0x5A9E,seg06_Traffic_5A9E,jump-table export 228; CODE 0 routine offset 0x5A9A
6,0x5AC2,seg06_Traffic_5AC2,jump-table export 229; CODE 0 routine offset 0x5ABE
6,0x5B26,seg06_Traffic_5B26,jump-table export 230; CODE 0 routine offset 0x5B22
6,0x5B50,seg06_Traffic_5B50,jump-table export 231; CODE 0 routine offset 0x5B4C
6,0x5BC8,seg06_Traffic_5BC8,jump-table export 232; CODE 0 routine offset 0x5BC4
6,0x6008,seg06_Traffic_6008,jump-table export 233; CODE 0 routine offset 0x6004
6,0x60EE,seg06_Traffic_60EE,jump-table export 234; CODE 0 routine offset 0x60EA
6,0x610E,seg06_Traffic_610E,jump-table export 235; CODE 0 routine offset 0x610A
6,0x612E,seg06_Traffic_612E,jump-table export 236; CODE 0 routine offset 0x612A
6,0x6590,seg06_Traffic_6590,jump-table export 237; CODE 0 routine offset 0x658C
6,0x65E0,seg06_Traffic_65E0,jump-table export 238; CODE 0 routine offset 0x65DC
6,0x6634,seg06_Traffic_6634,jump-table export 239; CODE 0 routine offset 0x6630
6,0x666A,seg06_Traffic_666A,jump-table export 240; CODE 0 routine offset 0x6666
6,0x6686,seg06_Traffic_6686,jump-table export 241; CODE 0 routine offset 0x6682
6,0x6726,seg06_Traffic_6726,jump-table export 242; CODE 0 routine offset 0x6722
6,0x6786,seg06_Traffic_6786,jump-table export 243; CODE 0 routine offset 0x6782
6,0x67A4,seg06_Traffic_67A4,jump-table export 244; CODE 0 routine offset 0x67A0
6,0x6850,seg06_Traffic_6850,jump-table export 245; CODE 0 routine offset 0x684C
6,0x69BE,seg06_Traffic_69BE,jump-table export 246; CODE 0 routine offset 0x69BA
6,0x69DE,seg06_Traffic_69DE,jump-table export 247; CODE 0 routine offset 0x69DA
6,0x6A82,seg06_Traffic_6A82,jump-table export 248; CODE 0 routine offset 0x6A7E
6,0x6CB2,seg06_Traffic_6CB2,jump-table export 249; CODE 0 routine offset 0x6CAE
6,0x6CD2,seg06_Traffic_6CD2,jump-table export 250; CODE 0 routine offset 0x6CCE
6,0x6D24,seg06_Traffic_6D24,jump-table export 251; CODE 0 routine offset 0x6D20
7,0x0004,seg07_FRED_0004,jump-table export 252; CODE 0 routine offset 0x0000
7,0x0018,seg07_FRED_0018,jump-table export 253; CODE 0 routine offset 0x0014
7,0x002C,seg07_FRED_002C,jump-table export 254; CODE 0 routine offset 0x0028
7,0x00FC,seg07_FRED_00FC,jump-table export 255; CODE 0 routine offset 0x00F8
7,0x018A,seg07_FRED_018A,jump-table export 256; CODE 0 routine offset 0x0186
7,0x0190,seg07_FRED_0190,jump-table export 257; CODE 0 routine offset 0x018C
7,0x019C,seg07_FRED_019C,jump-table export 258; CODE 0 routine offset 0x0198
7,0x01A8,seg07_FRED_01A8,jump-table export 259; CODE 0 routine offset 0x01A4
7,0x03F4,seg07_FRED_03F4,jump-table export 260; CODE 0 routine offset 0x03F0
7,0x040A,seg07_FRED_040A,jump-table export 261; CODE 0 routine offset 0x0406
7,0x0506,seg07_FRED_0506,jump-table export 262; CODE 0 routine offset 0x0502
7,0x06F2,seg07_FRED_06F2,jump-table export 263; CODE 0 routine offset 0x06EE
7,0x091C,seg07_FRED_091C,jump-table export 264; CODE 0 routine offset 0x0918
7,0x0932,seg07_FRED_0932,jump-table export 265; CODE 0 routine offset 0x092E
7,0x094A,seg07_FRED_094A,jump-table export 266; CODE 0 routine offset 0x0946
7,0x0950,seg07_FRED_0950,jump-table export 267; CODE 0 routine offset 0x094C
7,0x0956,seg07_FRED_0956,jump-table export 268; CODE 0 routine offset 0x0952
7,0x095C,seg07_FRED_095C,jump-table export 269; CODE 0 routine offset 0x0958
7,0x0972,seg07_FRED_0972,jump-table export 270; CODE 0 routine offset 0x096E
7,0x09A4,seg07_FRED_09A4,jump-table export 271; CODE 0 routine offset 0x09A0
7,0x09AA,seg07_FRED_09AA,jump-table export 272; CODE 0 routine offset 0x09A6
7,0x09B0,seg07_FRED_09B0,jump-table export 273; CODE 0 routine offset 0x09AC
7,0x09BC,seg07_FRED_09BC,jump-table export 274; CODE 0 routine offset 0x09B8
7,0x09C8,seg07_FRED_09C8,jump-table export 275; CODE 0 routine offset 0x09C4
7,0x09E2,seg07_FRED_09E2,jump-table export 276; CODE 0 routine offset 0x09DE
7,0x0A04,seg07_FRED_0A04,jump-table export 277; CODE 0 routine offset 0x0A00
7,0x0A20,seg07_FRED_0A20,jump-table export 278; CODE 0 routine offset 0x0A1C
7,0x0A42,seg07_FRED_0A42,jump-table export 279; CODE 0 routine offset 0x0A3E
7,0x0A56,seg07_FRED_0A56,jump-table export 280; CODE 0 routine offset 0x0A52
7,0x0A78,seg07_FRED_0A78,jump-table export 281; CODE 0 routine offset 0x0A74
7,0x0A94,seg07_FRED_0A94,jump-table export 282; CODE 0 routine offset 0x0A90
7,0x0AB6,seg07_FRED_0AB6,jump-table export 283; CODE 0 routine offset 0x0AB2
7,0x0AD0,seg07_FRED_0AD0,jump-table export 284; CODE 0 routine offset 0x0ACC
7,0x0AE4,seg07_FRED_0AE4,jump-table export 285; CODE 0 routine offset 0x0AE0
7,0x0AFE,seg07_FRED_0AFE,jump-table export 286; CODE 0 routine offset 0x0AFA
7,0x0B20,seg07_FRED_0B20,jump-table export 287; CODE 0 routine offset 0x0B1C
7,0x0B26,seg07_FRED_0B26,jump-table export 288; CODE 0 routine offset 0x0B22
7,0x0B3C,seg07_FRED_0B3C,jump-table export 289; CODE 0 routine offset 0x0B38
7,0x0B50,seg07_FRED_0B50,jump-table export 290; CODE 0 routine offset 0x0B4C
7,0x0B66,seg07_FRED_0B66,jump-table export 291; CODE 0 routine offset 0x0B62
7,0x0B7C,seg07_FRED_0B7C,jump-table export 292; CODE 0 routine offset 0x0B78
7,0x0B92,seg07_FRED_0B92,jump-table export 293; CODE 0 routine offset 0x0B8E
7,0x0BA8,seg07_FRED_0BA8,jump-table export 294; CODE 0 routine offset 0x0BA4
7,0x0BBE,seg07_FRED_0BBE,jump-table export 295; CODE 0 routine offset 0x0BBA
7,0x0BD4,seg07_FRED_0BD4,jump-table export 296; CODE 0 routine offset 0x0BD0
7,0x0BE8,seg07_FRED_0BE8,jump-table export 297; CODE 0 routine offset 0x0BE4
7,0x0BFE,seg07_FRED_0BFE,jump-table export 298; CODE 0 routine offset 0x0BFA
7,0x0C14,seg07_FRED_0C14,jump-table export 299; CODE 0 routine offset 0x0C10
7,0x0C2A,seg07_FRED_0C2A,jump-table export 300; CODE 0 routine offset 0x0C26
7,0x0C40,seg07_FRED_0C40,jump-table export 301; CODE 0 routine offset 0x0C3C
7,0x0C56,seg07_FRED_0C56,jump-table export 302; CODE 0 routine offset 0x0C52
7,0x0C6C,seg07_FRED_0C6C,jump-table export 303; CODE 0 routine offset 0x0C68
7,0x0C82,seg07_FRED_0C82,jump-table export 304; CODE 0 routine offset 0x0C7E
7,0x0CAA,seg07_FRED_0CAA,jump-table export 305; CODE 0 routine offset 0x0CA6
7,0x0CC0,seg07_FRED_0CC0,jump-table export 306; CODE 0 routine offset 0x0CBC
7,0x0CD8,seg07_FRED_0CD8,jump-table export 307; CODE 0 routine offset 0x0CD4
7,0x0CF0,seg07_FRED_0CF0,jump-table export 308; CODE 0 routine offset 0x0CEC
7,0x0D06,seg07_FRED_0D06,jump-table export 309; CODE 0 routine offset 0x0D02
7,0x0D1C,seg07_FRED_0D1C,jump-table export 310; CODE 0 routine offset 0x0D18
7,0x0D34,seg07_FRED_0D34,jump-table export 311; CODE 0 routine offset 0x0D30
7,0x0D36,seg07_FRED_0D36,jump-table export 312; CODE 0 routine offset 0x0D32
7,0x0D5E,seg07_FRED_0D5E,jump-table export 313; CODE 0 routine offset 0x0D5A
7,0x0D88,seg07_FRED_0D88,jump-table export 314; CODE 0 routine offset 0x0D84
7,0x0D9E,seg07_FRED_0D9E,jump-table export 315; CODE 0 routine offset 0x0D9A
7,0x0DA0,seg07_FRED_0DA0,jump-table export 316; CODE 0 routine offset 0x0D9C
7,0x0DF6,seg07_FRED_0DF6,jump-table export 317; CODE 0 routine offset 0x0DF2
7,0x0E4C,seg07_FRED_0E4C,jump-table export 318; CODE 0 routine offset 0x0E48
7,0x0E5E,seg07_FRED_0E5E,jump-table export 319; CODE 0 routine offset 0x0E5A
7,0x0E70,seg07_FRED_0E70,jump-table export 320; CODE 0 routine offset 0x0E6C
7,0x0E82,seg07_FRED_0E82,jump-table export 321; CODE 0 routine offset 0x0E7E
7,0x0E94,seg07_FRED_0E94,jump-table export 322; CODE 0 routine offset 0x0E90
7,0x0E9A,seg07_FRED_0E9A,jump-table export 323; CODE 0 routine offset 0x0E96
7,0x0EA0,seg07_FRED_0EA0,jump-table export 324; CODE 0 routine offset 0x0E9C
7,0x0EA6,seg07_FRED_0EA6,jump-table export 325; CODE 0 routine offset 0x0EA2
7,0x0EAC,seg07_FRED_0EAC,jump-table export 326; CODE 0 routine offset 0x0EA8
7,0x0EB2,seg07_FRED_0EB2,jump-table export 327; CODE 0 routine offset 0x0EAE
7,0x0EBE,seg07_FRED_0EBE,jump-table export 328; CODE 0 routine offset 0x0EBA
7,0x0ECA,seg07_FRED_0ECA,jump-table export 329; CODE 0 routine offset 0x0EC6
7,0x0ED6,seg07_FRED_0ED6,jump-table export 330; CODE 0 routine offset 0x0ED2
7,0x0EE2,seg07_FRED_0EE2,jump-table export 331; CODE 0 routine offset 0x0EDE
7,0x0EEE,seg07_FRED_0EEE,jump-table export 332; CODE 0 routine offset 0x0EEA
7,0x0EFA,seg07_FRED_0EFA,jump-table export 333; CODE 0 routine offset 0x0EF6
7,0x0F06,seg07_FRED_0F06,jump-table export 334; CODE 0 routine offset 0x0F02
7,0x0F12,seg07_FRED_0F12,jump-table export 335; CODE 0 routine offset 0x0F0E
7,0x0F1E,seg07_FRED_0F1E,jump-table export 336; CODE 0 routine offset 0x0F1A
7,0x0F2A,seg07_FRED_0F2A,jump-table export 337; CODE 0 routine offset 0x0F26
7,0x0F36,seg07_FRED_0F36,jump-table export 338; CODE 0 routine offset 0x0F32
7,0x0F42,seg07_FRED_0F42,jump-table export 339; CODE 0 routine offset 0x0F3E
7,0x0F4E,seg07_FRED_0F4E,jump-table export 340; CODE 0 routine offset 0x0F4A
7,0x0F5A,seg07_FRED_0F5A,jump-table export 341; CODE 0 routine offset 0x0F56
7,0x0F66,seg07_FRED_0F66,jump-table export 342; CODE 0 routine offset 0x0F62
7,0x0F72,seg07_FRED_0F72,jump-table export 343; CODE 0 routine offset 0x0F6E
7,0x0F78,seg07_FRED_0F78,jump-table export 344; CODE 0 routine offset 0x0F74
7,0x0F84,seg07_FRED_0F84,jump-table export 345; CODE 0 routine offset 0x0F80
7,0x0F8A,seg07_FRED_0F8A,jump-table export 346; CODE 0 routine offset 0x0F86
7,0x0F96,seg07_FRED_0F96,jump-table export 347; CODE 0 routine offset 0x0F92
7,0x0FA8,seg07_FRED_0FA8,jump-table export 348; CODE 0 routine offset 0x0FA4
7,0x0FBA,seg07_FRED_0FBA,jump-table export 349; CODE 0 routine offset 0x0FB6
7,0x0FC6,seg07_FRED_0FC6,jump-table export 350; CODE 0 routine offset 0x0FC2
7,0x0FFA,seg07_FRED_0FFA,jump-table export 351; CODE 0 routine offset 0x0FF6
7,0x1030,seg07_FRED_1030,jump-table export 352; CODE 0 routine offset 0x102C
7,0x1046,seg07_FRED_1046,jump-table export 353; CODE 0 routine offset 0x1042
7,0x105E,seg07_FRED_105E,jump-table export 354; CODE 0 routine offset 0x105A
7,0x1076,seg07_FRED_1076,jump-table export 355; CODE 0 routine offset 0x1072
7,0x108C,seg07_FRED_108C,jump-table export 356; CODE 0 routine offset 0x1088
7,0x10B4,seg07_FRED_10B4,jump-table export 357; CODE 0 routine offset 0x10B0
7,0x10DE,seg07_FRED_10DE,jump-table export 358; CODE 0 routine offset 0x10DA
7,0x10F6,seg07_FRED_10F6,jump-table export 359; CODE 0 routine offset 0x10F2
7,0x110C,seg07_FRED_110C,jump-table export 360; CODE 0 routine offset 0x1108
7,0x1112,seg07_FRED_1112,jump-table export 361; CODE 0 routine offset 0x110E
7,0x1118,seg07_FRED_1118,jump-table export 362; CODE 0 routine offset 0x1114
7,0x111E,seg07_FRED_111E,jump-table export 363; CODE 0 routine offset 0x111A
7,0x112A,seg07_FRED_112A,jump-table export 364; CODE 0 routine offset 0x1126
7,0x1136,seg07_FRED_1136,jump-table export 365; CODE 0 routine offset 0x1132
7,0x1142,seg07_FRED_1142,jump-table export 366; CODE 0 routine offset 0x113E
7,0x1148,seg07_FRED_1148,jump-table export 367; CODE 0 routine offset 0x1144
7,0x114E,seg07_FRED_114E,jump-table export 368; CODE 0 routine offset 0x114A
7,0x115A,seg07_FRED_115A,jump-table export 369; CODE 0 routine offset 0x1156
7,0x1166,seg07_FRED_1166,jump-table export 370; CODE 0 routine offset 0x1162
7,0x1172,seg07_FRED_1172,jump-table export 371; CODE 0 routine offset 0x116E
7,0x118C,seg07_FRED_118C,jump-table export 372; CODE 0 routine offset 0x1188
7,0x11A6,seg07_FRED_11A6,jump-table export 373; CODE 0 routine offset 0x11A2
7,0x11C2,seg07_FRED_11C2,jump-table export 374; CODE 0 routine offset 0x11BE
7,0x11D8,seg07_FRED_11D8,jump-table export 375; CODE 0 routine offset 0x11D4
7,0x11EC,seg07_FRED_11EC,jump-table export 376; CODE 0 routine offset 0x11E8
7,0x11FA,seg07_FRED_11FA,jump-table export 377; CODE 0 routine offset 0x11F6
7,0x120E,seg07_FRED_120E,jump-table export 378; CODE 0 routine offset 0x120A
7,0x1222,seg07_FRED_1222,jump-table export 379; CODE 0 routine offset 0x121E
7,0x1236,seg07_FRED_1236,jump-table export 380; CODE 0 routine offset 0x1232
7,0x1244,seg07_FRED_1244,jump-table export 381; CODE 0 routine offset 0x1240
7,0x1258,seg07_FRED_1258,jump-table export 382; CODE 0 routine offset 0x1254
7,0x126C,seg07_FRED_126C,jump-table export 383; CODE 0 routine offset 0x1268
7,0x1280,seg07_FRED_1280,jump-table export 384; CODE 0 routine offset 0x127C
7,0x1294,seg07_FRED_1294,jump-table export 385; CODE 0 routine offset 0x1290
7,0x12A8,seg07_FRED_12A8,jump-table export 386; CODE 0 routine offset 0x12A4
7,0x12BC,seg07_FRED_12BC,jump-table export 387; CODE 0 routine offset 0x12B8
7,0x12CA,seg07_FRED_12CA,jump-table export 388; CODE 0 routine offset 0x12C6
7,0x12DE,seg07_FRED_12DE,jump-table export 389; CODE 0 routine offset 0x12DA
7,0x12F2,seg07_FRED_12F2,jump-table export 390; CODE 0 routine offset 0x12EE
7,0x1300,seg07_FRED_1300,jump-table export 391; CODE 0 routine offset 0x12FC
7,0x1314,seg07_FRED_1314,jump-table export 392; CODE 0 routine offset 0x1310
7,0x1328,seg07_FRED_1328,jump-table export 393; CODE 0 routine offset 0x1324
7,0x133C,seg07_FRED_133C,jump-table export 394; CODE 0 routine offset 0x1338
7,0x1350,seg07_FRED_1350,jump-table export 395; CODE 0 routine offset 0x134C
7,0x135E,seg07_FRED_135E,jump-table export 396; CODE 0 routine offset 0x135A
7,0x1372,seg07_FRED_1372,jump-table export 397; CODE 0 routine offset 0x136E
7,0x1386,seg07_FRED_1386,jump-table export 398; CODE 0 routine offset 0x1382
7,0x139A,seg07_FRED_139A,jump-table export 399; CODE 0 routine offset 0x1396
7,0x13AE,seg07_FRED_13AE,jump-table export 400; CODE 0 routine offset 0x13AA
7,0x13C2,seg07_FRED_13C2,jump-table export 401; CODE 0 routine offset 0x13BE
7,0x13D6,seg07_FRED_13D6,jump-table export 402; CODE 0 routine offset 0x13D2
7,0x13E4,seg07_FRED_13E4,jump-table export 403; CODE 0 routine offset 0x13E0
7,0x13F8,seg07_FRED_13F8,jump-table export 404; CODE 0 routine offset 0x13F4
7,0x140C,seg07_FRED_140C,jump-table export 405; CODE 0 routine offset 0x1408
7,0x1420,seg07_FRED_1420,jump-table export 406; CODE 0 routine offset 0x141C
7,0x1434,seg07_FRED_1434,jump-table export 407; CODE 0 routine offset 0x1430
7,0x1448,seg07_FRED_1448,jump-table export 408; CODE 0 routine offset 0x1444
7,0x1456,seg07_FRED_1456,jump-table export 409; CODE 0 routine offset 0x1452
7,0x146A,seg07_FRED_146A,jump-table export 410; CODE 0 routine offset 0x1466
7,0x147E,seg07_FRED_147E,jump-table export 411; CODE 0 routine offset 0x147A
7,0x1492,seg07_FRED_1492,jump-table export 412; CODE 0 routine offset 0x148E
7,0x14A0,seg07_FRED_14A0,jump-table export 413; CODE 0 routine offset 0x149C
7,0x14B4,seg07_FRED_14B4,jump-table export 414; CODE 0 routine offset 0x14B0
7,0x14C8,seg07_FRED_14C8,jump-table export 415; CODE 0 routine offset 0x14C4
7,0x14DC,seg07_FRED_14DC,jump-table export 416; CODE 0 routine offset 0x14D8
7,0x14EA,seg07_FRED_14EA,jump-table export 417; CODE 0 routine offset 0x14E6
7,0x14FE,seg07_FRED_14FE,jump-table export 418; CODE 0 routine offset 0x14FA
7,0x1512,seg07_FRED_1512,jump-table export 419; CODE 0 routine offset 0x150E
7,0x1526,seg07_FRED_1526,jump-table export 420; CODE 0 routine offset 0x1522
7,0x1534,seg07_FRED_1534,jump-table export 421; CODE 0 routine offset 0x1530
7,0x1540,seg07_FRED_1540,jump-table export 422; CODE 0 routine offset 0x153C
7,0x1546,seg07_FRED_1546,jump-table export 423; CODE 0 routine offset 0x1542
7,0x154C,seg07_FRED_154C,jump-table export 424; CODE 0 routine offset 0x1548
7,0x1552,seg07_FRED_1552,jump-table export 425; CODE 0 routine offset 0x154E
7,0x1558,seg07_FRED_1558,jump-table export 426; CODE 0 routine offset 0x1554
7,0x155E,seg07_FRED_155E,jump-table export 427; CODE 0 routine offset 0x155A
7,0x1574,seg07_FRED_1574,jump-table export 428; CODE 0 routine offset 0x1570
7,0x1580,seg07_FRED_1580,jump-table export 429; CODE 0 routine offset 0x157C
7,0x158C,seg07_FRED_158C,jump-table export 430; CODE 0 routine offset 0x1588
7,0x1592,seg07_FRED_1592,jump-table export 431; CODE 0 routine offset 0x158E
7,0x1598,seg07_FRED_1598,jump-table export 432; CODE 0 routine offset 0x1594
7,0x15A4,seg07_FRED_15A4,jump-table export 433; CODE 0 routine offset 0x15A0
7,0x15B8,seg07_FRED_15B8,jump-table export 434; CODE 0 routine offset 0x15B4
7,0x15D2,seg07_FRED_15D2,jump-table export 435; CODE 0 routine offset 0x15CE
7,0x165C,seg07_FRED_165C,jump-table export 436; CODE 0 routine offset 0x1658
7,0x1682,seg07_FRED_1682,jump-table export 437; CODE 0 routine offset 0x167E
7,0x1688,seg07_FRED_1688,jump-table export 438; CODE 0 routine offset 0x1684
7,0x16B2,seg07_FRED_16B2,jump-table export 439; CODE 0 routine offset 0x16AE
7,0x16DC,seg07_FRED_16DC,jump-table export 440; CODE 0 routine offset 0x16D8
7,0x16DE,seg07_FRED_16DE,jump-table export 441; CODE 0 routine offset 0x16DA
7,0x1708,seg07_FRED_1708,jump-table export 442; CODE 0 routine offset 0x1704
7,0x1732,seg07_FRED_1732,jump-table export 443; CODE 0 routine offset 0x172E
7,0x1738,seg07_FRED_1738,jump-table export 444; CODE 0 routine offset 0x1734
7,0x1744,seg07_FRED_1744,jump-table export 445; CODE 0 routine offset 0x1740
7,0x1758,seg07_FRED_1758,jump-table export 446; CODE 0 routine offset 0x1754
7,0x1764,seg07_FRED_1764,jump-table export 447; CODE 0 routine offset 0x1760
7,0x178E,seg07_FRED_178E,jump-table export 448; CODE 0 routine offset 0x178A
7,0x17A4,seg07_FRED_17A4,jump-table export 449; CODE 0 routine offset 0x17A0
7,0x17BA,seg07_FRED_17BA,jump-table export 450; CODE 0 routine offset 0x17B6
7,0x17C0,seg07_FRED_17C0,jump-table export 451; CODE 0 routine offset 0x17BC
7,0x17CC,seg07_FRED_17CC,jump-table export 452; CODE 0 routine offset 0x17C8
7,0x17DE,seg07_FRED_17DE,jump-table export 453; CODE 0 routine offset 0x17DA
7,0x17E4,seg07_FRED_17E4,jump-table export 454; CODE 0 routine offset 0x17E0
7,0x17EA,seg07_FRED_17EA,jump-table export 455; CODE 0 routine offset 0x17E6
7,0x17F0,seg07_FRED_17F0,jump-table export 456; CODE 0 routine offset 0x17EC
7,0x17F6,seg07_FRED_17F6,jump-table export 457; CODE 0 routine offset 0x17F2
7,0x1802,seg07_FRED_1802,jump-table export 458; CODE 0 routine offset 0x17FE
7,0x180E,seg07_FRED_180E,jump-table export 459; CODE 0 routine offset 0x180A
7,0x1820,seg07_FRED_1820,jump-table export 460; CODE 0 routine offset 0x181C
7,0x182C,seg07_FRED_182C,jump-table export 461; CODE 0 routine offset 0x1828
7,0x1832,seg07_FRED_1832,jump-table export 462; CODE 0 routine offset 0x182E
7,0x183E,seg07_FRED_183E,jump-table export 463; CODE 0 routine offset 0x183A
7,0x1844,seg07_FRED_1844,jump-table export 464; CODE 0 routine offset 0x1840
7,0x184A,seg07_FRED_184A,jump-table export 465; CODE 0 routine offset 0x1846
7,0x1856,seg07_FRED_1856,jump-table export 466; CODE 0 routine offset 0x1852
7,0x185C,seg07_FRED_185C,jump-table export 467; CODE 0 routine offset 0x1858
7,0x1862,seg07_FRED_1862,jump-table export 468; CODE 0 routine offset 0x185E
7,0x186E,seg07_FRED_186E,jump-table export 469; CODE 0 routine offset 0x186A
7,0x187A,seg07_FRED_187A,jump-table export 470; CODE 0 routine offset 0x1876
7,0x1886,seg07_FRED_1886,jump-table export 471; CODE 0 routine offset 0x1882
7,0x188C,seg07_FRED_188C,jump-table export 472; CODE 0 routine offset 0x1888
7,0x1892,seg07_FRED_1892,jump-table export 473; CODE 0 routine offset 0x188E
7,0x1898,seg07_FRED_1898,jump-table export 474; CODE 0 routine offset 0x1894
7,0x189E,seg07_FRED_189E,jump-table export 475; CODE 0 routine offset 0x189A
7,0x18A4,seg07_FRED_18A4,jump-table export 476; CODE 0 routine offset 0x18A0
7,0x18AA,seg07_FRED_18AA,jump-table export 477; CODE 0 routine offset 0x18A6
7,0x18BE,seg07_FRED_18BE,jump-table export 478; CODE 0 routine offset 0x18BA
7,0x18C4,seg07_FRED_18C4,jump-table export 479; CODE 0 routine offset 0x18C0
7,0x18CA,seg07_FRED_18CA,jump-table export 480; CODE 0 routine offset 0x18C6
7,0x18D6,seg07_FRED_18D6,jump-table export 481; CODE 0 routine offset 0x18D2
7,0x18DC,seg07_FRED_18DC,jump-table export 482; CODE 0 routine offset 0x18D8
7,0x18E8,seg07_FRED_18E8,jump-table export 483; CODE 0 routine offset 0x18E4
7,0x18EE,seg07_FRED_18EE,jump-table export 484; CODE 0 routine offset 0x18EA
7,0x18FA,seg07_FRED_18FA,jump-table export 485; CODE 0 routine offset 0x18F6
7,0x1906,seg07_FRED_1906,jump-table export 486; CODE 0 routine offset 0x1902
7,0x1912,seg07_FRED_1912,jump-table export 487; CODE 0 routine offset 0x190E
7,0x1928,seg07_FRED_1928,jump-table export 488; CODE 0 routine offset 0x1924
7,0x193E,seg07_FRED_193E,jump-table export 489; CODE 0 routine offset 0x193A
7,0x1954,seg07_FRED_1954,jump-table export 490; CODE 0 routine offset 0x1950
7,0x195A,seg07_FRED_195A,jump-table export 491; CODE 0 routine offset 0x1956
7,0x1960,seg07_FRED_1960,jump-table export 492; CODE 0 routine offset 0x195C
7,0x1966,seg07_FRED_1966,jump-table export 493; CODE 0 routine offset 0x1962
8,0x0004,seg08_Intro_0004,jump-table export 494; CODE 0 routine offset 0x0000
8,0x0AAE,seg08_Intro_0AAE,jump-table export 495; CODE 0 routine offset 0x0AAA
9,0x005C,seg09_sound_005C,jump-table export 496; CODE 0 routine offset 0x0058
9,0x008C,seg09_sound_008C,jump-table export 497; CODE 0 routine offset 0x0088
9,0x00BA,seg09_sound_00BA,jump-table export 498; CODE 0 routine offset 0x00B6
9,0x00EE,seg09_sound_00EE,jump-table export 499; CODE 0 routine offset 0x00EA
9,0x012A,seg09_sound_012A,jump-table export 500; CODE 0 routine offset 0x0126
9,0x0174,seg09_sound_0174,jump-table export 501; CODE 0 routine offset 0x0170
9,0x01B0,seg09_sound_01B0,jump-table export 502; CODE 0 routine offset 0x01AC
9,0x01E6,seg09_sound_01E6,jump-table export 503; CODE 0 routine offset 0x01E2
9,0x021C,seg09_sound_021C,jump-table export 504; CODE 0 routine offset 0x0218
9,0x024C,seg09_sound_024C,jump-table export 505; CODE 0 routine offset 0x0248
9,0x027C,seg09_sound_027C,jump-table export 506; CODE 0 routine offset 0x0278
9,0x02AC,seg09_sound_02AC,jump-table export 507; CODE 0 routine offset 0x02A8
10,0x0004,seg10_A5Init_0004,jump-table export 508; CODE 0 routine offset 0x0000
